{
    "prepare_queue": {
        "installed": [],
        "uninstalled": []
    },
    "config_munge": {
        "files": {
            "res/xml/config.xml": {
                "parents": {
                    "/*": [
                        {
                            "xml": "<feature name=\"OneSignalPush\"><param name=\"android-package\" value=\"com.plugin.gcm.OneSignalPush\" /></feature>",
                            "count": 1
                        },
                        {
                            "xml": "<feature name=\"Camera\"><param name=\"android-package\" value=\"org.apache.cordova.camera.CameraLauncher\" /></feature>",
                            "count": 1
                        },
                        {
                            "xml": "<feature name=\"Compass\"><param name=\"android-package\" value=\"org.apache.cordova.deviceorientation.CompassListener\" /></feature>",
                            "count": 1
                        },
                        {
                            "xml": "<feature name=\"File\"><param name=\"android-package\" value=\"org.apache.cordova.file.FileUtils\" /><param name=\"onload\" value=\"true\" /></feature>",
                            "count": 1
                        },
                        {
                            "xml": "<allow-navigation href=\"cdvfile:*\" />",
                            "count": 1
                        },
                        {
                            "xml": "<feature name=\"Capture\"><param name=\"android-package\" value=\"org.apache.cordova.mediacapture.Capture\" /></feature>",
                            "count": 1
                        },
                        {
                            "xml": "<feature name=\"Gyroscope\"><param name=\"android-package\" value=\"com.android.plugins.GyroscopeListener\" /></feature>",
                            "count": 1
                        },
                        {
                            "xml": "<feature name=\"SQLitePlugin\"><param name=\"android-package\" value=\"io.sqlc.SQLitePlugin\" /></feature>",
                            "count": 1
                        },
                        {
                            "xml": "<feature name=\"FingerprintAuth\"><param name=\"android-package\" value=\"com.cordova.plugin.android.fingerprintauth.FingerprintAuth\" /></feature>",
                            "count": 1
                        }
                    ]
                }
            },
            "AndroidManifest.xml": {
                "parents": {
                    "/manifest": [
                        {
                            "xml": "<uses-permission android:name=\"com.amazon.device.messaging.permission.RECEIVE\" />",
                            "count": 1
                        },
                        {
                            "xml": "<permission android:name=\"nl.han.ica.mad.sensordb.permission.RECEIVE_ADM_MESSAGE\" android:protectionLevel=\"signature\" />",
                            "count": 1
                        },
                        {
                            "xml": "<uses-permission android:name=\"nl.han.ica.mad.sensordb.permission.RECEIVE_ADM_MESSAGE\" />",
                            "count": 1
                        }
                    ],
                    "/manifest/application": [
                        {
                            "xml": "<amazon:enable-feature android:name=\"com.amazon.device.messaging\" android:required=\"false\" xmlns:amazon=\"http://schemas.amazon.com/apk/res/android\" />",
                            "count": 1
                        },
                        {
                            "xml": "<service android:exported=\"false\" android:name=\"com.onesignal.ADMMessageHandler\" />",
                            "count": 1
                        },
                        {
                            "xml": "<receiver android:name=\"com.onesignal.ADMMessageHandler$Receiver\" android:permission=\"com.amazon.device.messaging.permission.SEND\"><intent-filter><action android:name=\"com.amazon.device.messaging.intent.REGISTRATION\" /><action android:name=\"com.amazon.device.messaging.intent.RECEIVE\" /><category android:name=\"nl.han.ica.mad.sensordb\" /></intent-filter></receiver>",
                            "count": 1
                        }
                    ],
                    "/*": [
                        {
                            "xml": "<uses-permission android:name=\"android.permission.WRITE_EXTERNAL_STORAGE\" />",
                            "count": 3
                        },
                        {
                            "xml": "<uses-permission android:name=\"android.permission.ACCESS_COARSE_LOCATION\" />",
                            "count": 1
                        },
                        {
                            "xml": "<uses-permission android:name=\"android.permission.ACCESS_FINE_LOCATION\" />",
                            "count": 1
                        },
                        {
                            "xml": "<uses-permission android:name=\"android.permission.RECORD_AUDIO\" />",
                            "count": 1
                        },
                        {
                            "xml": "<uses-permission android:name=\"android.permission.RECORD_VIDEO\" />",
                            "count": 1
                        },
                        {
                            "xml": "<uses-permission android:name=\"android.permission.READ_EXTERNAL_STORAGE\" />",
                            "count": 1
                        },
                        {
                            "xml": "<uses-permission android:name=\"android.permission.USE_FINGERPRINT\" />",
                            "count": 1
                        }
                    ]
                }
            }
        }
    },
    "installed_plugins": {
        "onesignal-cordova-plugin": {
            "PACKAGE_NAME": "nl.han.ica.mad.sensordb"
        },
        "cordova-plugin-compat": {
            "PACKAGE_NAME": "nl.han.ica.mad.sensordb"
        },
        "cordova-plugin-camera": {
            "PACKAGE_NAME": "nl.han.ica.mad.sensordb"
        },
        "cordova-plugin-device-orientation": {
            "PACKAGE_NAME": "nl.han.ica.mad.sensordb"
        },
        "cordova-plugin-file": {
            "PACKAGE_NAME": "nl.han.ica.mad.sensordb"
        },
        "cordova-plugin-media-capture": {
            "PACKAGE_NAME": "nl.han.ica.mad.sensordb"
        },
        "cordova-plugin-gyroscope": {
            "PACKAGE_NAME": "nl.han.ica.mad.sensordb"
        },
        "cordova-sqlite-storage": {
            "PACKAGE_NAME": "nl.han.ica.mad.sensordb"
        },
        "cordova-plugin-android-fingerprint-auth": {
            "PACKAGE_NAME": "nl.han.ica.mad.sensordb"
        }
    },
    "dependent_plugins": {},
    "modules": [
        {
            "file": "plugins/onesignal-cordova-plugin/www/OneSignal.js",
            "id": "onesignal-cordova-plugin.OneSignal",
            "clobbers": [
                "OneSignal"
            ]
        },
        {
            "file": "plugins/cordova-plugin-camera/www/CameraConstants.js",
            "id": "cordova-plugin-camera.Camera",
            "clobbers": [
                "Camera"
            ]
        },
        {
            "file": "plugins/cordova-plugin-camera/www/CameraPopoverOptions.js",
            "id": "cordova-plugin-camera.CameraPopoverOptions",
            "clobbers": [
                "CameraPopoverOptions"
            ]
        },
        {
            "file": "plugins/cordova-plugin-camera/www/Camera.js",
            "id": "cordova-plugin-camera.camera",
            "clobbers": [
                "navigator.camera"
            ]
        },
        {
            "file": "plugins/cordova-plugin-camera/www/CameraPopoverHandle.js",
            "id": "cordova-plugin-camera.CameraPopoverHandle",
            "clobbers": [
                "CameraPopoverHandle"
            ]
        },
        {
            "file": "plugins/cordova-plugin-device-orientation/www/CompassError.js",
            "id": "cordova-plugin-device-orientation.CompassError",
            "clobbers": [
                "CompassError"
            ]
        },
        {
            "file": "plugins/cordova-plugin-device-orientation/www/CompassHeading.js",
            "id": "cordova-plugin-device-orientation.CompassHeading",
            "clobbers": [
                "CompassHeading"
            ]
        },
        {
            "file": "plugins/cordova-plugin-device-orientation/www/compass.js",
            "id": "cordova-plugin-device-orientation.compass",
            "clobbers": [
                "navigator.compass"
            ]
        },
        {
            "file": "plugins/cordova-plugin-file/www/DirectoryEntry.js",
            "id": "cordova-plugin-file.DirectoryEntry",
            "clobbers": [
                "window.DirectoryEntry"
            ]
        },
        {
            "file": "plugins/cordova-plugin-file/www/DirectoryReader.js",
            "id": "cordova-plugin-file.DirectoryReader",
            "clobbers": [
                "window.DirectoryReader"
            ]
        },
        {
            "file": "plugins/cordova-plugin-file/www/Entry.js",
            "id": "cordova-plugin-file.Entry",
            "clobbers": [
                "window.Entry"
            ]
        },
        {
            "file": "plugins/cordova-plugin-file/www/File.js",
            "id": "cordova-plugin-file.File",
            "clobbers": [
                "window.File"
            ]
        },
        {
            "file": "plugins/cordova-plugin-file/www/FileEntry.js",
            "id": "cordova-plugin-file.FileEntry",
            "clobbers": [
                "window.FileEntry"
            ]
        },
        {
            "file": "plugins/cordova-plugin-file/www/FileError.js",
            "id": "cordova-plugin-file.FileError",
            "clobbers": [
                "window.FileError"
            ]
        },
        {
            "file": "plugins/cordova-plugin-file/www/FileReader.js",
            "id": "cordova-plugin-file.FileReader",
            "clobbers": [
                "window.FileReader"
            ]
        },
        {
            "file": "plugins/cordova-plugin-file/www/FileSystem.js",
            "id": "cordova-plugin-file.FileSystem",
            "clobbers": [
                "window.FileSystem"
            ]
        },
        {
            "file": "plugins/cordova-plugin-file/www/FileUploadOptions.js",
            "id": "cordova-plugin-file.FileUploadOptions",
            "clobbers": [
                "window.FileUploadOptions"
            ]
        },
        {
            "file": "plugins/cordova-plugin-file/www/FileUploadResult.js",
            "id": "cordova-plugin-file.FileUploadResult",
            "clobbers": [
                "window.FileUploadResult"
            ]
        },
        {
            "file": "plugins/cordova-plugin-file/www/FileWriter.js",
            "id": "cordova-plugin-file.FileWriter",
            "clobbers": [
                "window.FileWriter"
            ]
        },
        {
            "file": "plugins/cordova-plugin-file/www/Flags.js",
            "id": "cordova-plugin-file.Flags",
            "clobbers": [
                "window.Flags"
            ]
        },
        {
            "file": "plugins/cordova-plugin-file/www/LocalFileSystem.js",
            "id": "cordova-plugin-file.LocalFileSystem",
            "clobbers": [
                "window.LocalFileSystem"
            ],
            "merges": [
                "window"
            ]
        },
        {
            "file": "plugins/cordova-plugin-file/www/Metadata.js",
            "id": "cordova-plugin-file.Metadata",
            "clobbers": [
                "window.Metadata"
            ]
        },
        {
            "file": "plugins/cordova-plugin-file/www/ProgressEvent.js",
            "id": "cordova-plugin-file.ProgressEvent",
            "clobbers": [
                "window.ProgressEvent"
            ]
        },
        {
            "file": "plugins/cordova-plugin-file/www/fileSystems.js",
            "id": "cordova-plugin-file.fileSystems"
        },
        {
            "file": "plugins/cordova-plugin-file/www/requestFileSystem.js",
            "id": "cordova-plugin-file.requestFileSystem",
            "clobbers": [
                "window.requestFileSystem"
            ]
        },
        {
            "file": "plugins/cordova-plugin-file/www/resolveLocalFileSystemURI.js",
            "id": "cordova-plugin-file.resolveLocalFileSystemURI",
            "merges": [
                "window"
            ]
        },
        {
            "file": "plugins/cordova-plugin-file/www/browser/isChrome.js",
            "id": "cordova-plugin-file.isChrome",
            "runs": true
        },
        {
            "file": "plugins/cordova-plugin-file/www/android/FileSystem.js",
            "id": "cordova-plugin-file.androidFileSystem",
            "merges": [
                "FileSystem"
            ]
        },
        {
            "file": "plugins/cordova-plugin-file/www/fileSystems-roots.js",
            "id": "cordova-plugin-file.fileSystems-roots",
            "runs": true
        },
        {
            "file": "plugins/cordova-plugin-file/www/fileSystemPaths.js",
            "id": "cordova-plugin-file.fileSystemPaths",
            "merges": [
                "cordova"
            ],
            "runs": true
        },
        {
            "file": "plugins/cordova-plugin-media-capture/www/CaptureAudioOptions.js",
            "id": "cordova-plugin-media-capture.CaptureAudioOptions",
            "clobbers": [
                "CaptureAudioOptions"
            ]
        },
        {
            "file": "plugins/cordova-plugin-media-capture/www/CaptureImageOptions.js",
            "id": "cordova-plugin-media-capture.CaptureImageOptions",
            "clobbers": [
                "CaptureImageOptions"
            ]
        },
        {
            "file": "plugins/cordova-plugin-media-capture/www/CaptureVideoOptions.js",
            "id": "cordova-plugin-media-capture.CaptureVideoOptions",
            "clobbers": [
                "CaptureVideoOptions"
            ]
        },
        {
            "file": "plugins/cordova-plugin-media-capture/www/CaptureError.js",
            "id": "cordova-plugin-media-capture.CaptureError",
            "clobbers": [
                "CaptureError"
            ]
        },
        {
            "file": "plugins/cordova-plugin-media-capture/www/MediaFileData.js",
            "id": "cordova-plugin-media-capture.MediaFileData",
            "clobbers": [
                "MediaFileData"
            ]
        },
        {
            "file": "plugins/cordova-plugin-media-capture/www/MediaFile.js",
            "id": "cordova-plugin-media-capture.MediaFile",
            "clobbers": [
                "MediaFile"
            ]
        },
        {
            "file": "plugins/cordova-plugin-media-capture/www/helpers.js",
            "id": "cordova-plugin-media-capture.helpers",
            "runs": true
        },
        {
            "file": "plugins/cordova-plugin-media-capture/www/capture.js",
            "id": "cordova-plugin-media-capture.capture",
            "clobbers": [
                "navigator.device.capture"
            ]
        },
        {
            "file": "plugins/cordova-plugin-media-capture/www/android/init.js",
            "id": "cordova-plugin-media-capture.init",
            "runs": true
        },
        {
            "file": "plugins/cordova-plugin-gyroscope/www/Orientation.js",
            "id": "cordova-plugin-gyroscope.Orientation",
            "clobbers": [
                "Orientation"
            ]
        },
        {
            "file": "plugins/cordova-plugin-gyroscope/www/gyroscope.js",
            "id": "cordova-plugin-gyroscope.gyroscope",
            "clobbers": [
                "navigator.gyroscope"
            ]
        },
        {
            "file": "plugins/cordova-sqlite-storage/www/SQLitePlugin.js",
            "id": "cordova-sqlite-storage.SQLitePlugin",
            "clobbers": [
                "SQLitePlugin"
            ]
        },
        {
            "file": "plugins/cordova-plugin-android-fingerprint-auth/www/FingerprintAuth.js",
            "id": "cordova-plugin-android-fingerprint-auth.FingerprintAuth",
            "clobbers": [
                "FingerprintAuth"
            ]
        }
    ],
    "plugin_metadata": {
        "onesignal-cordova-plugin": "2.0.8",
        "cordova-plugin-compat": "1.1.0",
        "cordova-plugin-camera": "2.3.0",
        "cordova-plugin-device-orientation": "1.0.4",
        "cordova-plugin-file": "4.3.0",
        "cordova-plugin-media-capture": "1.4.0",
        "cordova-plugin-gyroscope": "0.1.4",
        "cordova-sqlite-storage": "1.5.1",
        "cordova-plugin-android-fingerprint-auth": "0.3.4"
    }
}